{
  "assetsByChunkName": {
    "vendors~app-account~app-confirmation~app-order": "chunk.206106768bbcad7b094b.js",
    "vendors~app-account~app-checkout": "chunk.2adeacdc8d26fc44c1a6.js",
    "vendors~app-cart~app-checkout": "chunk.a5064fe397cd650dcc59.js",
    "admin": [
      "admin.c28a11900f5e75ce7dd1.js",
      "admin.c28a11900f5e75ce7dd1.js.map"
    ],
    "app-account": "chunk.5398b7c06d1968bdb3a0.js",
    "app-checkout": "chunk.cd663a5ea176f4ababbe.js",
    "app-confirmation": "chunk.9a78f29a002e4621b7ed.js",
    "checkout": [
      "checkout.8675718e96d88a20e6b9.js",
      "checkout.8675718e96d88a20e6b9.js.map"
    ],
    "storefront": [
      "storefront.260d819bb2e9912ca907.css",
      "storefront.72bfbb44e225d8f72aa3.js",
      "storefront.260d819bb2e9912ca907.css.map",
      "storefront.72bfbb44e225d8f72aa3.js.map"
    ],
    "vendors~app-cart": "chunk.1ff82fdfd916cbb385a4.js",
    "vendors~app-order": "chunk.2e1a96bdc932a9c6cb58.js"
  }
}