{
  "title": "Expositores Bazar As Meninas",
  "body": "**C﻿onheça nossos Expositores**",
  "meta_title": "Conheça os Expositores do Bazar As Meninas e Leve para Casa Peças Exclusivas Online!",
  "meta_description": "Descubra as criações exclusivas dos expositores do Bazar As Meninas e faça suas compras online. Beleza e originalidade ao seu alcance!",
  "sections": [
    {
      "type": "breadcrumbs",
      "enabled": true
    },
    {
      "type": "extra-page",
      "enabled": true
    },
    {
      "type": "custom-html",
      "html": "<h4 class=\"products-carousel__title\">\n        \n          \n                          NAVEGUE POR EXPOSITORES\n          \n          \n        \n      </h4>"
    },
    {
      "type": "brands-carousel",
      "limit": 36,
      "offset": 0,
      "sort": "name"
    },
    {
      "type": "collection-shelf",
      "shuffle": false,
      "limit": 12,
      "page": 1,
      "collection_id": "662336624e9909015f18ebbe:collections:Destaques do Mês:/destaques-do-mes",
      "sort": "sales",
      "title": "♥ Destaques do Mês ♥",
      "link": "https://loja.bazarasmeninas.com.br/destaques-do-mes"
    },
    {
      "type": "banners-grid",
      "banners": [
        {
          "img": "/img/uploads/__ninfa-voadora-asas-rosadas-vitral-adriana-sappracone.webp",
          "link": "https://loja.bazarasmeninas.com.br/adriana-sappracone/",
          "alt": " Adriana Sappracone - Arte e Esculturas em Vitrais "
        },
        {
          "img": "/img/uploads/__ana-moraes.webp",
          "alt": "Ana Moraes - Esculturas em Arame ",
          "link": "https://loja.bazarasmeninas.com.br/ana-moraes/"
        },
        {
          "img": "/img/uploads/copo-cafe-amassado-verde-100-ml-atelie-do-ze.jpg",
          "link": "https://loja.bazarasmeninas.com.br/ceramica-do-ze/",
          "alt": "Ateliê do Zé - Cerâmicas Artesanais"
        },
        {
          "img": "/img/uploads/__aurea-sacilotto1.webp",
          "link": "https://loja.bazarasmeninas.com.br/aurea-sacilotto/",
          "alt": "Áurea Sacilotto - Joías Artesanais"
        },
        {
          "img": "/img/uploads/__bruno-andreoni1.webp",
          "alt": "Bruno Andreoni - Quadros e Aquarelas ",
          "link": "https://loja.bazarasmeninas.com.br/bruno-andreoni/"
        },
        {
          "img": "/img/uploads/__cannelle-design.webp",
          "link": "https://loja.bazarasmeninas.com.br/cannelle-design/",
          "alt": "Cannelle Design - Peças Artesanais em Madeira"
        }
      ]
    },
    {
      "type": "banners-grid",
      "banners": [
        {
          "img": "/img/uploads/__cumaru-estudio.webp",
          "link": "https://loja.bazarasmeninas.com.br/cumaru-estudio/",
          "alt": "Cumaru Estudio - Louças Vintage Divertidas"
        },
        {
          "img": "/img/uploads/__favo-bioembalagem1.webp",
          "link": "https://loja.bazarasmeninas.com.br/favo-bioembalagem/",
          "alt": "FAVO - Bioembalagem - Sustentável para sua vida!"
        },
        {
          "img": "/img/uploads/__ivone-rigobello1.webp",
          "link": "https://loja.bazarasmeninas.com.br/ivone-rigobello/",
          "alt": "Ivone Rigobello - Tapetes de Juta Originais "
        },
        {
          "img": "/img/uploads/_ja-fui.webp",
          "link": "https://loja.bazarasmeninas.com.br/ja-fui/",
          "alt": " Já Fui... - Arte em Vidro Reciclado "
        },
        {
          "img": "/img/uploads/__juliana-chagas-pinturas1.webp",
          "link": "https://loja.bazarasmeninas.com.br/juliana-chagas-pinturas/",
          "alt": "Juliana Chagas Pinturas - Décor Pintadas à mão"
        },
        {
          "img": "/img/uploads/_lavender-gift.webp",
          "link": "https://loja.bazarasmeninas.com.br/lavender-gift/",
          "alt": "Lavender Gift - Aromaterapia e Bem Estar"
        }
      ]
    },
    {
      "type": "collection-shelf",
      "shuffle": false,
      "limit": 12,
      "page": 1,
      "collection_id": "650b42d92cd6b65959563a19:categories:Casa e Decoração:/objetos-decoracao",
      "sort": "sales",
      "title": "Decore com Arte: Itens Exclusivos ",
      "link": "https://loja.bazarasmeninas.com.br/objetos-decoracao/"
    },
    {
      "type": "banners-grid",
      "banners": [
        {
          "img": "/img/uploads/__lucia-loeb-papelaria.webp",
          "link": "https://loja.bazarasmeninas.com.br/lucia-loeb-papelaria/",
          "alt": "Lucia Loeb Papelaria - Estilo e Arte na Escrita"
        },
        {
          "img": "/img/uploads/__luciano-ogura.webp",
          "alt": "Luciano Ogura - Quadros Xilografia ",
          "link": "https://loja.bazarasmeninas.com.br/luciano-ogura/"
        },
        {
          "link": "https://loja.bazarasmeninas.com.br/mobiles-e-outras-manufaturas/",
          "img": "/img/uploads/__mobiles-e-outras-manufaturas.webp",
          "alt": " Móbiles e Outras Manufaturas - Décor e Arte Juntas"
        },
        {
          "img": "/img/uploads/__moema-prado.webp",
          "link": "https://loja.bazarasmeninas.com.br/moema-prado/",
          "alt": "Moema Prado - Bijoux Artesanais "
        },
        {
          "img": "/img/uploads/__nadia-kijanitza.webp",
          "link": "https://loja.bazarasmeninas.com.br/nadia-kijanitza/",
          "alt": "Nadia Kijanitza - Bijoux Artesanais"
        },
        {
          "img": "/img/uploads/__oh-my-box-.webp",
          "link": "https://loja.bazarasmeninas.com.br/oh-my-box/",
          "alt": "Oh My Box: DIY - Presentes Afetivos"
        }
      ]
    },
    {
      "type": "info-bar",
      "enabled": true
    },
    {
      "type": "banners-grid",
      "banners": [
        {
          "img": "/img/uploads/__os-guris1.webp",
          "link": "https://loja.bazarasmeninas.com.br/os-guris/",
          "alt": "Os Guris - Bonecos de Pano com Personalidade"
        },
        {
          "img": "/img/uploads/__panos-u-dress.webp",
          "link": "https://loja.bazarasmeninas.com.br/udress-panos-de-prato/",
          "alt": "Panos U!Dress - Frases em Panos de Pratos e Jogos Americanos"
        },
        {
          "img": "/img/uploads/__pipoca-paris.webp",
          "link": "https://loja.bazarasmeninas.com.br/pipoca-paris/",
          "alt": " Pipoca Paris : Cestaria Divertida "
        }
      ]
    },
    {
      "type": "banners-grid",
      "banners": [
        {
          "img": "/img/uploads/__quatro-linhas.webp",
          "link": "https://loja.bazarasmeninas.com.br/quatro-linhas/"
        },
        {
          "img": "/img/uploads/_rivera-gravura1.webp",
          "link": "https://loja.bazarasmeninas.com.br/rivera-gravura/"
        },
        {
          "img": "/img/uploads/__adesivos-decorativos1.webp",
          "link": "https://loja.bazarasmeninas.com.br/adesivos-decorativos/"
        },
        {
          "img": "/img/uploads/__mundo-novo.webp",
          "link": "https://loja.bazarasmeninas.com.br/mundo-novo",
          "alt": "Mundo Novo"
        }
      ]
    },
    {
      "type": "banners-grid",
      "banners": [
        {
          "img": "/img/uploads/__atelier-sabine-van-rooij11.webp",
          "link": "https://loja.bazarasmeninas.com.br/atelier-sabine-van-rooij/",
          "alt": "Sabine Van Rooij : Peças em Tecido Pintadas à mâo"
        },
        {
          "img": "/img/uploads/__saboaria-brasil1.webp",
          "link": "https://loja.bazarasmeninas.com.br/saboaria-brasil/",
          "alt": "Saboaria Brasil - Cosméticos Artesanais "
        },
        {
          "img": "/img/uploads/__villa-bianco1.webp",
          "link": "https://loja.bazarasmeninas.com.br/villa-bianco/",
          "alt": "Villa Bianco - Tábuas em Madeiras Nobres"
        },
        {
          "img": "/img/uploads/vale-do-capao.avif",
          "alt": "Seu Antonio - Vila Capão",
          "link": "https://loja.bazarasmeninas.com.br/seu-antonio-vila-capao"
        }
      ]
    }
  ]
}