{
  "title": "Seja um Expositor",
  "meta_title": "Seja um Expositor Bazar As Meninas",
  "meta_description": "Seja um Expositor Bazar As Meninas",
  "sections": [
    {
      "type": "breadcrumbs",
      "enabled": true
    },
    {
      "type": "extra-page",
      "enabled": true
    },
    {
      "type": "custom-html",
      "html": "<center><a href=\"https://wa.me/5511992779353\" target=\"_blank\" id=\"ws_icon_chat\"><img src=\" \nhttps://bazarasmeninas.netlify.app/img/uploads/whatsapp-bazarasmeninas.png”>\n  </a></center>\n"
    },
    {
      "type": "page-title",
      "title": "Veja por Expositores"
    },
    {
      "type": "brands-carousel",
      "limit": 24,
      "offset": 0
    },
    {
      "type": "info-bar",
      "enabled": true
    }
  ],
  "body": "**Seja um Expositor(a) Bazar As Meninas: Participe de Nossa História**\n\nO Bazar As Meninas é mais do que uma loja virtual; é uma comunidade dedicada a conectar pequenos produtores a consumidores conscientes. A nossa história começou como um sonho, e hoje, convidamos você a fazer parte dela como expositor(a).\n\n**A Origem do Bazar As Meninas**\n\nTudo começou com a ideia de promover um comércio justo, sustentável e autêntico. Nosso objetivo sempre foi criar uma ponte entre os pequenos produtores, artesãos talentosos e aqueles que valorizam produtos únicos e de qualidade. Assim, nasceu o Bazar As Meninas, e desde então, temos trabalhado incansavelmente para oferecer um espaço onde a diversidade de talentos possa brilhar.\n\n**O Que Oferecemos aos Expositores**\n\nAo se tornar um expositor(a) no Bazar As Meninas, você terá a oportunidade de apresentar seus produtos a uma comunidade apaixonada por artesanato, moda, decoração e produtos exclusivos. Valorizamos a autenticidade, a originalidade e a qualidade dos produtos que apresentamos em nossa plataforma.\n\nAlém disso, oferecemos suporte e orientação personalizados para ajudar você a destacar seus produtos e expandir seus negócios. Nossa equipe está comprometida em criar uma experiência positiva para todos os nossos expositores, auxiliando na divulgação e no alcance de um público mais amplo.\n\n**Nossa Comunidade**\n\nAo se juntar ao Bazar As Meninas como expositor(a), você fará parte de uma comunidade de criativos, empreendedores e consumidores que compartilham dos mesmos valores de respeito, sustentabilidade e apreciação pelo trabalho manual. Acreditamos que cada produto tem uma história, e é isso que torna a experiência de compra tão especial em nosso site.\n\n**Como Participar**\n\nPara se tornar um expositor(a) no Bazar As Meninas, preencha o formulário. Estamos ansiosos para conhecer você, seu trabalho e sua história. Juntos, continuaremos a construir uma comunidade que valoriza a conexão entre produtores e consumidores.\n\n**Faça Parte da Nossa História**\n\nO Bazar As Meninas é uma jornada emocionante, e convidamos você a fazer parte dela. Seja um expositor(a) e ajude-nos a continuar a promover produtos únicos e a celebrar a criatividade. Juntos, podemos construir um mundo onde a autenticidade e o respeito estão no centro de cada escolha. Junte-se a nós e seja parte da nossa história.\n\n<i class=\"i-whatsapp\"></i> [Fale Conosco e saiba mais como ser expositor(a)](https://wa.me/5511966078658)\n\n<!--StartFragment-->\n\n<img src=\"https://cdn.ecvol.com/s/loja.bazarasmeninas.com.br/uploads/as.png\" style=\"width: 200px;\"><p><br></p><p><span style=\"font-size: 16px;\">WhatsApp </span><a href=\"https://wa.me/5511966078658\" target=\"_blank\" style=\"background-color: transparent;\">(11) 96607-8658 </a></p><div></div><span style=\"font-size: 16px;\"><br></span></div><div><span style=\"font-size: 16px;\">email:</span> <a href=\"http://mailto:contato@bazarasmeninas.com.br\" target=\"_blank\">contato@bazarasmeninas.com.br</a></div><div><br></div><div><span style=\"font-weight: bold;font-size: 16px;\">Acompanhe as nossas redes sociais:<p class=\"footer__social\"><a href=\"https://www.facebook.com/pg/bazarAsMeninas/\" target=\"_blank\" rel=\"noopener\" aria-label=\"facebook\" style=\"color: #3b5998\"><i class=\"i-facebook\"></i> </a><a href=\"https://www.youtube.com/channel/UCChB8ndhiXhH62411vdqtjA\" target=\"_blank\" rel=\"noopener\" aria-label=\"youtube\" style=\"color: #ff0000\"><i class=\"i-youtube\"></i> </a><a href=\"https://www.instagram.com/bazarasmeninas/\" target=\"_blank\" rel=\"noopener\" aria-label=\"instagram\" style=\"color: #e1306c\"><i class=\"i-instagram\"></i> </a><a href=\"https://www.tiktok.com/@bazarasmeninas\" target=\"_blank\" rel=\"noopener\" aria-label=\"tiktok\" style=\"color: #000000\"><i class=\"i-tiktok\"></i> </a><a href=\"http://pinterest.com/bazarasmeninasoficial\" target=\"_blank\" rel=\"noopener\" aria-label=\"pinterest\" style=\"color: #bd081c\"><i class=\"i-pinterest\"></i></a></p>\n\n<!--EndFragment-->"
}