{
  "title": "Blog",
  "meta_title": "Blog",
  "meta_description": "Blog",
  "sections": [
    {
      "type": "breadcrumbs",
      "enabled": true
    },
    {
      "type": "page-title"
    },
    {
      "type": "blog",
      "enabled": true
    },
    {
      "type": "custom-html",
      "html": "<h4 class=\"products-carousel__title\">\n        \n          \n            <a href=\"https://loja.bazarasmeninas.com.br/pages/expositores-bazar-as-meninas\">\n              NAVEGUE POR EXPOSITORES\n            </a>\n          \n        \n      </h4>"
    },
    {
      "type": "brands-carousel",
      "limit": 32,
      "offset": 0,
      "sort": "name"
    },
    {
      "type": "page-title",
      "title": "NOSSOS DESTAQUES DO MÊS"
    },
    {
      "type": "dynamic-showcase",
      "load_more": true,
      "sort": "news"
    }
  ]
}