{
  "sections": [
    {
      "type": "document-banner",
      "enabled": true
    },
    {
      "type": "breadcrumbs",
      "enabled": true
    },
    {
      "type": "page-title"
    },
    {
      "type": "brand-retail",
      "enabled": true,
      "sort": "news"
    },
    {
      "type": "document-description",
      "enabled": true
    },
    {
      "type": "custom-html",
      "html": "<h4 class=\"products-carousel__title\">\n        \n          \n            <a href=\"https://loja.bazarasmeninas.com.br/pages/expositores-bazar-as-meninas\">\n              NAVEGUE POR EXPOSITORES\n            </a>\n          \n        \n      </h4>"
    },
    {
      "type": "brands-carousel",
      "limit": 35,
      "offset": 0,
      "sort": "name"
    },
    {
      "type": "info-bar",
      "enabled": true
    }
  ]
}