{
  "description": {
    "title": "",
    "text": ""
  },
  "links_1": {
    "list_pages": false,
    "title": "Informações",
    "list": [
      {
        "text": "Sobre Nós",
        "url": "https://loja.bazarasmeninas.com.br/pages/sobre-nos"
      },
      {
        "text": "Formas de Pagamento",
        "url": "https://loja.bazarasmeninas.com.br/pages/pagamentos"
      },
      {
        "text": "Envios e Prazos de Entrega",
        "url": "https://loja.bazarasmeninas.com.br/pages/entrega"
      },
      {
        "text": "Trocas e Devoluções",
        "url": "https://loja.bazarasmeninas.com.br/pages/trocas"
      },
      {
        "text": "Seja Expositor(a)",
        "url": "https://loja.bazarasmeninas.com.br/pages/seja-um-expositor"
      },
      {
        "text": "Privacidade e Segurança",
        "url": "https://loja.bazarasmeninas.com.br/pages/privacidade"
      }
    ]
  },
  "links_2": {
    "list_categories": true,
    "title": "Categorias",
    "list": []
  },
  "contacts": {
    "title": "Contatos",
    "phone_wpp": true,
    "socials": true,
    "email": true,
    "address": true
  },
  "stamps": [
    {
      "src": "/img/uploads/seguranca.png",
      "alt": "Loja Segura ",
      "width": 150,
      "height": 62
    },
    {
      "src": "/img/uploads/googlesafebrowsing.png",
      "alt": "Google Safe"
    },
    {
      "src": "/img/uploads/nortonsafeweb.png",
      "alt": "Norton"
    }
  ],
  "payment_methods": {
    "pix": true,
    "visa": true,
    "mastercard": true,
    "elo": true,
    "amex": true,
    "hipercard": true,
    "boleto": true
  },
  "credits": ""
}