{
  "marketing_stripe": {
    "text": "Parcele em até 3x sem juros | 5% desc à vista no PIX | CUPOM: PRIMEIRACOMPRA ",
    "link": "https://loja.bazarasmeninas.com.br/pages/pagamentos",
    "background": "#141414",
    "color": "#ffffff"
  },
  "contacts_stripe": {
    "pages": [],
    "phone_wpp": true,
    "socials": true
  },
  "categories_list": {
    "featured": [
      "/bem-estar?Bem Estar",
      "/objetos-decoracao?Casa e Decoração",
      "/moda?Moda e Acessórios",
      "/infantil/?Infantil",
      "/papelaria/?Papelaria"
    ],
    "random": 6,
    "full_width": true
  },
  "centralized_logo": false,
  "desktop_megamenu": false,
  "search_input": true,
  "alphabetical_order_submenu": true,
  "full_width_submenu": true
}