{
  "meta_title": "Bazar As Meninas - Presentes Artesanais e Manuais",
  "meta_description": "Bazar As Meninas Compre Online. Conexão: Ponte entre Produtores e Consumidores. Ambientes Acolhedores e Respeito em Cada Escolha. Do Atelier à Sua Casa, Juntos na Mesma Direção. Envio para Todo Brasil.",
  "sections": [
    {
      "type": "banner-slider",
      "autoplay": 9000,
      "full_width": true,
      "slides": [
        {
          "start": "2024-05-17T16:03:33.151Z",
          "end": "",
          "img": "/img/uploads/banner-bazar-texto-oficial.jpg",
          "link": "",
          "mobile_img": ""
        }
      ]
    },
    {
      "type": "custom-html",
      "html": "<h4 class=\"products-carousel__title\">\n        \n          \n            <a href=\"https://loja.bazarasmeninas.com.br/pages/expositores-bazar-as-meninas\">\n              NAVEGUE POR EXPOSITORES\n            </a>\n          \n        \n      </h4>"
    },
    {
      "type": "brands-carousel",
      "limit": 35,
      "offset": 0,
      "sort": null
    },
    {
      "type": "collection-shelf",
      "shuffle": false,
      "limit": 12,
      "page": 1,
      "collection_id": "662df17cee85900185eece97:categories:Quadros e Móbiles:/quadros-mobiles",
      "sort": "news",
      "link": "https://loja.bazarasmeninas.com.br/quadros-mobiles",
      "title": "Decoração"
    },
    {
      "page": 1,
      "title": "Destaques do Mês",
      "shuffle": true,
      "headless": false,
      "type": "collection-shelf",
      "link": "https://loja.bazarasmeninas.com.br/destaques-do-mes",
      "limit": 12,
      "collection_id": "662336624e9909015f18ebbe:collections:Destaques do Mês:/destaques-do-mes",
      "sort": "sales"
    },
    {
      "type": "collection-shelf",
      "shuffle": false,
      "limit": 12,
      "page": 1,
      "collection_id": "650b45f92cd6b65959564325:categories:Jóias:/joias/",
      "sort": "news",
      "link": "https://loja.bazarasmeninas.com.br/moda",
      "title": "Jóias e Bijoux Artesanais"
    },
    {
      "type": "collection-shelf",
      "shuffle": false,
      "limit": 12,
      "page": 1,
      "collection_id": "650b3eaf2cd6b65959562ee2:categories:Bem Estar:/bem-estar",
      "sort": "news",
      "link": "https://loja.bazarasmeninas.com.br/bem-estar",
      "title": "Carinho e Cuidado - Presentes para Bem Estar "
    },
    {
      "type": "collection-shelf",
      "shuffle": false,
      "limit": 12,
      "page": 1,
      "collection_id": "662df150ee85900185eece91:categories:Jogos Americanos e Trilhos:/jogos-americanos-trilhos",
      "sort": "sales",
      "title": "Jogos Americanos ",
      "link": "https://loja.bazarasmeninas.com.br/jogos-americanos-trilhos"
    },
    {
      "type": "collection-shelf",
      "shuffle": false,
      "limit": 12,
      "page": 1,
      "collection_id": "662df0a8ee85900185eece60:categories:Canecas e Copos:/canecas-copos",
      "sort": "views",
      "link": "https://loja.bazarasmeninas.com.br/ceramicas-artesanais",
      "title": "Cerâmicas e Louças Artesanais "
    },
    {
      "type": "page-title",
      "title": "Presentes Manuais e Afetivos  Mais da loja "
    },
    {
      "type": "dynamic-showcase",
      "load_more": false,
      "sort": "news"
    }
  ]
}