{
  "sections": [
    {
      "type": "breadcrumbs",
      "enabled": true
    },
    {
      "type": "product-block",
      "enabled": true,
      "size_guide": {
        "image": "",
        "title": ""
      }
    },
    {
      "type": "product-description",
      "title": "Quem comprou este produto, também comprou:",
      "enabled": true
    },
    {
      "type": "product-specifications",
      "enabled": true
    },
    {
      "type": "related-products",
      "title": "Produtos relacionados"
    },
    {
      "type": "recommended-products",
      "title": "Quem comprou este produto, também comprou:",
      "show_loading": true
    },
    {
      "type": "custom-html",
      "html": "<h4 class=\"products-carousel__title\">\n        \n          \n            <a href=\"https://loja.bazarasmeninas.com.br/pages/expositores-bazar-as-meninas\">\n              NAVEGUE POR EXPOSITORES\n            </a>\n          \n        \n      </h4>"
    },
    {
      "type": "brands-carousel",
      "limit": 35,
      "offset": 0,
      "sort": "name"
    }
  ]
}